stage,name,label,rmse,mae,nlpd,coverage90,z_std,n
1,ar,AR,0.0299843,0.00906552,-2.08151,0.962706,1.01048,57596
2,tvar,TVAR,0.0299795,0.00908326,-2.08093,0.962879,1.01179,57596
3,htvar,hier. TVAR,0.0501769,0.0120985,-2.78361,0.928311,1.41913,57596
4,hgf,+ HGF noise,0.0345916,0.00957076,-3.61972,0.887075,1.25855,57596
5,moe,mixture,0.0507217,0.0183621,-3.66477,0.983141,0.697121,57596
6,bmoe,Bayesian mixture,0.0374081,0.0122051,-3.7561,0.977498,0.702035,57596
7,matern,Matern-1/2 GP,0.0883625,0.0324778,-2.75233,0.903969,1.11663,57596
8,transformer,Transformer,0.057151,0.0176344,-3.10853,0.865477,1.25736,57596
9,transformer_nightly,Transformer (nightly),0.0500257,0.014661,-3.35521,0.908935,1.09736,57596
